Tipo,Operación,Precio,Administración,Niveles,Habitaciones,Baños,Parqueaderos,Área Construida,Área Lote,Barrio,Estrato,Ciudad
Lote,Venta,200000000.0,376100.0,0.0,0.0,0.0,0.0,0.0,168.0,San Pedro - Portico,4.0,Cúcuta
Apartaestudio,Venta,140000000.0,222000.0,0.0,1.0,1.0,0.0,34.8,34.8,Centro,4.0,Cúcuta
Apartamento,Venta,340000000.0,267000.0,0.0,3.0,2.0,1.0,71.41,71.41,Prados Del Este,3.0,Cúcuta
Casa,Venta,185000000.0,0.0,0.0,3.0,2.0,1.0,57.21,57.21,BOCONO,3.0,Cúcuta
Apartamento,Venta,300000000.0,160000.0,0.0,3.0,2.0,1.0,68.21,68.21,Prados del Este,3.0,Cúcuta
Casa,Venta,340000000.0,184000.0,0.0,3.0,2.0,2.0,112.0,112.0,Prados Del Este,4.0,Cúcuta
Casa,Venta,320000000.0,120000.0,0.0,3.0,2.0,1.0,113.0,113.0,Av. Libertadores,4.0,Cúcuta
Apartamento,Venta,145000000.0,112000.0,0.0,3.0,2.0,0.0,48.0,48.0,Bocono,3.0,Cúcuta
Apartamento,Venta,240000000.0,237509.0,0.0,3.0,2.0,1.0,61.7,61.7,San Luis,3.0,Cúcuta
Apartamento,Venta,300000000.0,207000.0,0.0,3.0,3.0,1.0,84.0,84.0,Prados Del Este,3.0,Cúcuta
Apartamento,Venta,300000000.0,207000.0,0.0,3.0,3.0,1.0,84.0,84.0,PRADOS DEL ESTE,3.0,Cúcuta
Apartamento,Venta,210000000.0,119000.0,0.0,3.0,2.0,0.0,62.02,62.02,SAN LUIS,3.0,Cúcuta
Apartamento,Venta,400000000.0,0.0,0.0,3.0,3.0,1.0,92.7,92.7,LA RIVIERA,4.0,Cúcuta
Apartamento,Venta,135000000.0,120000.0,0.0,3.0,2.0,0.0,57.0,57.0,Bocono,3.0,Cúcuta
Apartamento,Venta,75000000.0,60000.0,0.0,2.0,1.0,0.0,42.2,42.2,El Rodeo - Arrayanes,1.0,Cúcuta
Casa,Venta,250000000.0,0.0,0.0,3.0,1.0,1.0,110.5,110.5,Prados Del Este,3.0,Cúcuta
Lote,Venta,473094000.0,0.0,0.0,0.0,0.0,0.0,0.0,262.8,Vía Al Tennis,5.0,Cúcuta
Casa,Venta,340000000.0,0.0,0.0,8.0,6.0,1.0,84.0,84.0,Av. Las Américas,2.0,Cúcuta
Casa,Venta,180000000.0,0.0,0.0,3.0,2.0,0.0,106.0,114.24,Loma De Bolívar,3.0,Cúcuta
Casa,Venta,400000000.0,0.0,0.0,4.0,4.0,1.0,137.0,108.0,Av. Libertadores - Alcala,4.0,Cúcuta
Casa,Venta,350000000.0,0.0,0.0,4.0,3.0,1.0,135.0,135.0,Trigal Del Norte,2.0,Cúcuta
Apartamento,Venta,230000000.0,307000.0,0.0,3.0,2.0,1.0,92.1,92.1,El Rosal,4.0,Cúcuta
Casa,Venta,280000000.0,100000.0,0.0,2.0,3.0,1.0,80.39,47.47,Bocono,3.0,Cúcuta
Casa,Venta,240000000.0,0.0,0.0,3.0,2.0,1.0,0.0,127.152,San Luis,3.0,Cúcuta
Casa,Venta,580000000.0,370000.0,0.0,3.0,3.0,2.0,114.0,99.9,"Av. Libertadores, Playa Hermosa",4.0,Cúcuta
Apartamento,Venta,520000000.0,700000.0,0.0,3.0,3.0,1.0,170.0,170.0,LA RIVIERA,5.0,Cúcuta
Oficina,Venta,110000000.0,228000.0,0.0,0.0,1.0,1.0,35.47,35.47,Quinta Vélez,3.0,Cúcuta
Casa,Venta,200000000.0,0.0,0.0,3.0,2.0,1.0,90.0,90.0,Trigal Del Norte,2.0,Cúcuta
Apartamento,Venta,365000000.0,0.0,0.0,3.0,2.0,2.0,106.6,106.6,Quinta Bosch,4.0,Cúcuta
Casa,Venta,290000000.0,0.0,0.0,2.0,2.0,1.0,110.5,110.5,Prados Del Norte,4.0,Cúcuta
Apartamento,Venta,200000000.0,53000.0,0.0,3.0,2.0,1.0,53.86,53.86,"AV. LIBERTADORES, PLAYA HERMOSA",4.0,Cúcuta
Casa,Venta,180000000.0,0.0,0.0,3.0,1.0,0.0,165.0,165.0,La Cabrera,3.0,Cúcuta
Casa,Venta,320000000.0,0.0,0.0,3.0,3.0,1.0,157.5,157.5,Niza,4.0,Cúcuta
Casa,Venta,230000000.0,150000.0,0.0,2.0,1.0,1.0,89.28,89.28,Bocono,4.0,Cúcuta
Apartamento,Venta,480000000.0,950000.0,0.0,3.0,3.0,2.0,194.57,194.57,Caobos,5.0,Cúcuta
Casa,Venta,280000000.0,0.0,0.0,3.0,1.0,1.0,107.0,107.0,Prados Del Norte,4.0,Cúcuta
Apartamento,Venta,280000000.0,170000.0,0.0,3.0,2.0,1.0,71.95,71.95,Prados del Este,3.0,Cúcuta
Casa,Venta,270000000.0,0.0,0.0,3.0,1.0,0.0,250.0,250.0,San Miguel,3.0,Cúcuta
Casa,Venta,430000000.0,0.0,0.0,6.0,4.0,1.0,119.0,119.0,Guaimaral,3.0,Cúcuta
Casa,Venta,900000000.0,0.0,0.0,7.0,4.0,1.0,424.0,300.0,Ceiba II,4.0,Cúcuta
Casa,Venta,175000000.0,165000.0,0.0,3.0,2.0,1.0,59.75,59.75,Bocono,2.0,Cúcuta
Apartamento,Venta,220000000.0,190000.0,0.0,3.0,2.0,1.0,60.74,60.74,Guaimaral,3.0,Cúcuta
Casa,Venta,260000000.0,0.0,0.0,3.0,3.0,1.0,85.0,75.73,Gualanday,3.0,Cúcuta
Casa,Venta,730000000.0,0.0,0.0,9.0,3.0,1.0,146.0,146.0,Colsag,5.0,Cúcuta
Casa,Venta,390000000.0,273000.0,0.0,4.0,5.0,1.0,128.0,128.0,El Rosal,4.0,Cúcuta
Apartamento,Venta,80000000.0,95000.0,0.0,3.0,1.0,0.0,41.81,41.81,Anillo vial Occidental,2.0,Cúcuta
Casa,Venta,405000000.0,0.0,0.0,4.0,4.0,1.0,202.0,93.0,Av. Libertadores,3.0,Cúcuta
Casa,Venta,320000000.0,0.0,0.0,3.0,3.0,2.0,250.0,600.0,Atalaya,2.0,Cúcuta
Apartamento,Venta,115000000.0,0.0,0.0,3.0,1.0,0.0,43.63,43.63,ANILLO VIAL OCCIDENTAL,2.0,Cúcuta
Lote,Venta,638900000.0,0.0,0.0,0.0,0.0,0.0,0.0,798.0,Bocono,5.0,Cúcuta
Apartamento,Venta,310000000.0,0.0,0.0,3.0,2.0,1.0,65.7,65.7,"Av. Libertadores, Playa Hermosa",4.0,Cúcuta
Casa,Venta,420000000.0,0.0,0.0,4.0,2.0,1.0,84.0,84.0,Capillana,4.0,Cúcuta
Casa,Venta,220000000.0,0.0,0.0,5.0,2.0,3.0,0.0,188.1,Atalaya,2.0,Cúcuta
Casa,Venta,250000000.0,0.0,0.0,4.0,2.0,0.0,190.39,190.39,ATALAYA,3.0,Cúcuta
Casa,Venta,2500000000.0,0.0,0.0,8.0,6.0,0.0,415.0,450.0,La Riviera,4.0,Cúcuta
Lote,Venta,400000000.0,285000.0,0.0,0.0,0.0,0.0,0.0,500.0,Bocono,5.0,Cúcuta
Lote,Venta,175000000.0,0.0,0.0,0.0,0.0,0.0,0.0,238.0,Bocono,5.0,Cúcuta
Lote,Venta,185000000.0,0.0,0.0,0.0,0.0,0.0,0.0,250.0,Bocono,5.0,Cúcuta
Casa,Venta,210000000.0,0.0,0.0,3.0,2.0,0.0,162.5,162.5,San Miguel,3.0,Cúcuta
Lote,Venta,900000000.0,0.0,0.0,0.0,0.0,0.0,0.0,340.0,El Llano,4.0,Cúcuta
Apartamento,Venta,250000000.0,0.0,0.0,3.0,3.0,1.0,89.0,89.0,POPULAR,3.0,Cúcuta
Casa,Venta,158000000.0,0.0,0.0,4.0,2.0,0.0,104.92,104.92,Torcoroma,3.0,Cúcuta
Casa,Venta,130000000.0,0.0,0.0,3.0,1.0,0.0,62.0,80.58,El Contento,3.0,Cúcuta
Casa,Venta,250000000.0,0.0,0.0,3.0,2.0,1.0,97.5,0.0,Aniversario II,3.0,Cúcuta
Local,Venta,60000000.0,220000.0,0.0,0.0,1.0,0.0,12.15,12.15,Centro,3.0,Cúcuta
Casa,Venta,280000000.0,0.0,0.0,4.0,4.0,0.0,135.0,135.0,Trigal Del Norte,2.0,Cúcuta
Apartamento,Venta,750000000.0,693000.0,0.0,2.0,3.0,2.0,159.17,159.17,Vía Al Tennis,6.0,Cúcuta
Casa,Venta,185000000.0,148000.0,0.0,3.0,2.0,2.0,62.0,71.82,Santander,2.0,Cúcuta
Apartamento,Venta,280000000.0,0.0,0.0,3.0,2.0,1.0,82.1,82.1,Prados Del Este,3.0,Cúcuta
Apartamento,Venta,320000000.0,370000.0,0.0,3.0,2.0,1.0,65.7,65.7,"Av. Libertadores, Playa Hermosa",4.0,Cúcuta
Casa,Venta,400000000.0,0.0,0.0,3.0,2.0,2.0,203.0,203.0,COLSAG,4.0,Cúcuta
Casa,Venta,1000000000.0,0.0,0.0,6.0,3.0,4.0,350.0,350.0,Colsag,4.0,Cúcuta
Casa,Venta,380000000.0,220000.0,0.0,4.0,4.0,2.0,142.0,105.36,Ceiba II,4.0,Cúcuta
Apartamento,Venta,240000000.0,320000.0,0.0,2.0,1.0,1.0,56.9,56.9,Colsag,4.0,Cúcuta
Oficina,Venta,180000000.0,220000.0,0.0,0.0,1.0,0.0,31.48,31.48,LA PLAYA,3.0,Cúcuta
Casa,Venta,190000000.0,0.0,0.0,2.0,2.0,1.0,88.0,96.0,Nuevo Escobal,3.0,Cúcuta
Edificio,Venta,2600000000.0,0.0,0.0,26.0,26.0,0.0,970.0,300.0,Quinta Oriental,4.0,Cúcuta
Local,Venta,265000000.0,889000.0,0.0,0.0,0.0,0.0,26.71,26.71,Prados Del Norte,4.0,Cúcuta
Lote,Venta,620000000.0,0.0,0.0,0.0,0.0,0.0,2754.0,2754.0,"La Libertad, Bellavista",3.0,Cúcuta
Casa,Venta,180000000.0,0.0,0.0,3.0,2.0,1.0,81.0,135.0,Trigal Del Norte,2.0,Cúcuta
Casa,Venta,270000000.0,0.0,0.0,3.0,3.0,2.0,271.0,252.0,"La Libertad, Aguas Calientes",2.0,Cúcuta
Apartamento,Venta,180000000.0,180000.0,0.0,3.0,2.0,0.0,47.67,47.67,Prados Del Este,3.0,Cúcuta
Apartamento,Venta,90000000.0,90000.0,0.0,3.0,1.0,0.0,42.06,42.06,Molinos Del Norte,2.0,Cúcuta
Casa,Venta,310000000.0,0.0,0.0,3.0,2.0,1.0,102.0,102.0,Prados Del Este,3.0,Cúcuta
Apartamento,Venta,295000000.0,400000.0,0.0,3.0,2.0,1.0,73.1,73.1,AV. LIBERTADORES,4.0,Cúcuta
Local,Venta,850000000.0,0.0,0.0,0.0,1.0,0.0,250.0,250.0,Comuneros,2.0,Cúcuta
Local,Venta,750000000.0,0.0,0.0,0.0,1.0,0.0,192.0,192.0,Juan Atalaya -  Natilan,3.0,Cúcuta
Apartamento,Venta,350000000.0,800000.0,0.0,5.0,4.0,2.0,196.0,196.0,Barrio Blanco,4.0,Cúcuta
Local,Venta,480000000.0,0.0,0.0,0.0,1.0,0.0,66.27,66.27,Centro,3.0,Cúcuta
Apartamento,Venta,250000000.0,268200.0,0.0,3.0,3.0,1.0,68.5,68.5,Av. Libertadores,3.0,Cúcuta
Apartamento,Venta,230000000.0,200000.0,0.0,3.0,2.0,1.0,68.0,68.0,Guaimaral,3.0,Cúcuta
Casa,Venta,260000000.0,230000.0,0.0,3.0,3.0,1.0,70.4,67.2,Bocono,3.0,Cúcuta
Apartamento,Venta,195000000.0,291000.0,0.0,3.0,2.0,1.0,92.1,92.1,El Rosal,4.0,Cúcuta
Casa,Venta,110000000.0,0.0,0.0,5.0,2.0,0.0,181.2,181.2,San Miguel,2.0,Cúcuta
Bodega,Venta,1575000000.0,0.0,0.0,0.0,1.0,0.0,350.0,350.0,Latino,3.0,Cúcuta
Apartamento,Venta,170000000.0,0.0,0.0,4.0,1.0,0.0,96.0,96.0,Guaimaral,3.0,Cúcuta
Casa,Venta,550000000.0,0.0,0.0,6.0,5.0,0.0,296.0,200.0,Atalaya - Los Almendros,2.0,Cúcuta
Apartamento,Venta,240000000.0,612749.0,0.0,3.0,2.0,1.0,101.0,101.0,BARRIO BLANCO,4.0,Cúcuta
Apartaestudio,Venta,110000000.0,0.0,0.0,1.0,1.0,0.0,64.2,64.2,La Cabrera,3.0,Cúcuta
Casa,Venta,145000000.0,0.0,0.0,3.0,1.0,0.0,63.0,94.0,Alto de Pamplonita,2.0,Cúcuta
Oficina,Venta,70000000.0,70000.0,0.0,0.0,1.0,0.0,15.9,15.9,Latino,3.0,Cúcuta
Apartamento,Venta,200000000.0,166000.0,0.0,2.0,2.0,0.0,49.66,49.66,Garcia Herreros,3.0,Cúcuta
Casa,Venta,450000000.0,0.0,0.0,5.0,4.0,0.0,96.75,96.75,San Eduardo,3.0,Cúcuta
Bodega,Venta,700000000.0,0.0,0.0,0.0,2.0,0.0,425.0,425.0,El Llano,3.0,Cúcuta
Local,Venta,330000000.0,0.0,0.0,0.0,3.0,0.0,165.12,165.12,Centro,3.0,Cúcuta
Bodega,Venta,415000000.0,0.0,0.0,0.0,1.0,0.0,182.0,185.0,San Miguel,3.0,Cúcuta
Lote,Venta,100000000.0,0.0,0.0,0.0,0.0,0.0,0.0,100.0,Niza,3.0,Cúcuta
Casalote,Venta,350000000.0,0.0,0.0,0.0,0.0,0.0,300.0,300.0,El Llano,3.0,Cúcuta
Apartamento,Venta,150000000.0,251390.0,0.0,2.0,1.0,0.0,59.0,59.0,Centro,3.0,Cúcuta
Casa,Venta,450000000.0,0.0,0.0,8.0,6.0,0.0,247.0,247.0,"La Libertad, Aguas Calientes",2.0,Cúcuta
Apartamento,Venta,290000000.0,323000.0,0.0,3.0,2.0,1.0,68.43,68.43,San Eduardo,4.0,Cúcuta
Casa,Venta,260000000.0,103000.0,0.0,2.0,2.0,1.0,66.25,66.25,El Llano,3.0,Cúcuta
Apartamento,Venta,250000000.0,207000.0,0.0,3.0,3.0,1.0,84.0,84.0,Prados del Este,3.0,Cúcuta
Apartamento,Venta,460000000.0,850000.0,0.0,3.0,3.0,2.0,147.35,147.35,La Riviera,5.0,Cúcuta
Local,Venta,120000000.0,0.0,0.0,0.0,1.0,0.0,30.15,30.15,"Los Patios, La Sabana",3.0,Cúcuta
Edificio,Venta,2100000000.0,0.0,0.0,0.0,4.0,0.0,445.0,283.0,Latino,3.0,Cúcuta
Casa,Venta,260000000.0,0.0,0.0,2.0,3.0,1.0,97.5,97.5,Aniversario II,3.0,Cúcuta
Apartaestudio,Venta,250000000.0,175000.0,0.0,1.0,2.0,1.0,45.83,45.83,COLSAG,4.0,Cúcuta
Apartamento,Venta,190000000.0,360000.0,0.0,2.0,2.0,1.0,56.78,56.78,Niza,4.0,Cúcuta
Casa,Venta,350000000.0,0.0,0.0,3.0,2.0,2.0,185.0,185.0,Nuevo Escobal,3.0,Cúcuta
Casa,Venta,500000000.0,0.0,0.0,5.0,4.0,2.0,150.0,150.0,CEIBA II,3.0,Cúcuta
Apartamento,Venta,530000000.0,726000.0,0.0,3.0,4.0,2.0,132.0,132.0,Bellavista Los Patios,5.0,Cúcuta
Apartamento,Venta,178000000.0,0.0,0.0,3.0,2.0,0.0,70.65,70.65,La Cabrera,3.0,Cúcuta
Casa,Venta,800000000.0,0.0,0.0,6.0,4.0,2.0,250.0,250.0,Colsag,4.0,Cúcuta
Casa,Venta,450000000.0,0.0,0.0,4.0,3.0,2.0,129.0,97.5,SAN LUIS,4.0,Cúcuta
Casa,Venta,920000000.0,0.0,0.0,10.0,8.0,3.0,300.0,149.0,El Bosque,4.0,Cúcuta
Apartamento,Venta,390000000.0,823112.0,0.0,3.0,3.0,2.0,192.0,192.0,Barrio Blanco,4.0,Cúcuta
Local,Venta,750000000.0,0.0,0.0,0.0,2.0,0.0,200.0,200.0,El Contento,3.0,Cúcuta
Apartamento,Venta,1100000000.0,900000.0,0.0,3.0,4.0,2.0,166.06,166.06,"Los Patios, La  Floresta",5.0,Cúcuta
Casa,Venta,1200000000.0,0.0,0.0,4.0,3.0,1.0,173.0,119.0,Barrio Blanco,5.0,Cúcuta
Apartamento,Venta,165000000.0,202000.0,0.0,3.0,2.0,1.0,56.55,56.55,Garcia Herreros,3.0,Cúcuta
Casa,Venta,1100000000.0,0.0,2.0,8.0,6.0,3.0,360.0,230.0,La Ceiba,4.0,Cúcuta
Apartamento,Venta,209000000.0,115000.0,0.0,3.0,2.0,0.0,44.0,44.0,Prados Del Este,3.0,Cúcuta
Apartamento,Venta,400000000.0,500000.0,0.0,3.0,3.0,2.0,92.71,92.71,Colsag,3.0,Cúcuta
Apartamento,Venta,300000000.0,260000.0,0.0,3.0,2.0,1.0,68.16,68.16,San Mateo,4.0,Cúcuta
Casa,Venta,470000000.0,378000.0,0.0,4.0,4.0,2.0,163.0,99.0,Av. Libertadores,5.0,Cúcuta
Apartamento,Venta,180000000.0,175000.0,0.0,3.0,1.0,1.0,55.11,55.11,Los Acacios,4.0,Cúcuta
Casa,Venta,560000000.0,372800.0,0.0,4.0,4.0,2.0,200.0,88.2,Bocono,3.0,Cúcuta
Apartamento,Venta,700000000.0,817000.0,0.0,4.0,5.0,2.0,163.0,163.0,CEIBA II,4.0,Cúcuta
Apartamento,Venta,170000000.0,156000.0,0.0,3.0,2.0,0.0,51.31,51.31,Garcia Herreros,3.0,Cúcuta
Casa,Venta,540000000.0,0.0,0.0,6.0,4.0,1.0,162.0,75.0,CEIBA II,3.0,Cúcuta
Casa,Venta,390000000.0,0.0,0.0,4.0,4.0,1.0,160.0,80.0,Ceiba II,4.0,Cúcuta
Casa,Venta,340000000.0,0.0,0.0,3.0,1.0,6.0,169.0,227.0,San Luis,3.0,Cúcuta
Local,Venta,1500000000.0,0.0,0.0,0.0,0.0,0.0,336.0,336.0,Barrio Blanco,4.0,Cúcuta
Apartamento,Venta,270000000.0,140000.0,0.0,3.0,2.0,1.0,68.21,68.21,Prados del Este,3.0,Cúcuta
Casa,Venta,430000000.0,345000.0,0.0,3.0,3.0,2.0,99.0,99.0,Av. Libertadores,4.0,Cúcuta
Lote,Venta,130000000.0,0.0,0.0,0.0,0.0,0.0,126.0,126.0,SAN ISIDRO,1.0,Cúcuta
Casa,Venta,260000000.0,0.0,0.0,4.0,1.0,0.0,180.0,223.0,EL CONTENTO,3.0,Cúcuta
Casa,Venta,400000000.0,0.0,0.0,6.0,3.0,1.0,101.82,101.82,PRADOS DEL ESTE,3.0,Cúcuta
Casa,Venta,200000000.0,0.0,0.0,5.0,3.0,1.0,234.0,234.0,CAMILO TORRES,2.0,Cúcuta
Apartamento,Venta,120000000.0,115000.0,0.0,3.0,1.0,0.0,46.11,46.11,Bocono,3.0,Cúcuta
Casa,Venta,500000000.0,0.0,0.0,4.0,4.0,3.0,300.0,340.62,La Ceiba,4.0,Cúcuta
Casa,Venta,530000000.0,0.0,3.0,6.0,6.0,2.0,130.0,130.0,Niza,3.0,Cúcuta
Casa,Venta,250000000.0,0.0,0.0,2.0,1.0,1.0,480.0,480.0,ATALAYA COMUNEROS,2.0,Cúcuta
Apartamento,Venta,300000000.0,637000.0,0.0,3.0,2.0,1.0,100.44,100.44,BARRIO BLANCO,4.0,Cúcuta
Casa,Venta,160000000.0,140000.0,0.0,2.0,3.0,1.0,56.42,56.42,BOCONO,2.0,Cúcuta
Casa,Venta,160000000.0,0.0,0.0,3.0,2.0,1.0,90.0,90.0,"LOS PATIOS , ISCALIGUA",2.0,Cúcuta
Casa,Venta,2200000000.0,1100000.0,2.0,5.0,6.0,2.0,332.0,847.0,Via al Portico Sector el Resumen,4.0,Cúcuta
Apartamento,Venta,120000000.0,121000.0,0.0,3.0,1.0,0.0,44.4,44.4,Bocono,3.0,Cúcuta
Casa,Venta,1300000000.0,0.0,2.0,8.0,9.0,2.0,420.0,210.0,La Ceiba,4.0,Cúcuta
Lote,Venta,33000000.0,0.0,0.0,0.0,0.0,0.0,0.0,123.46,El Salado,3.0,Cúcuta
Lote,Venta,23000000.0,0.0,0.0,0.0,0.0,0.0,0.0,90.0,El Salado,3.0,Cúcuta
Casa,Venta,1200000000.0,0.0,1.0,5.0,3.0,0.0,250.0,250.0,La Playa,3.0,Cúcuta
Bodega,Venta,950000000.0,0.0,0.0,0.0,1.0,0.0,250.0,250.0,Zona Industrial,3.0,Cúcuta
Casa,Venta,270000000.0,200000.0,2.0,3.0,2.0,1.0,65.36,76.47,"Los Patios, La Sabana",3.0,Cúcuta
Apartamento,Venta,345850000.0,430000.0,0.0,3.0,2.0,2.0,100.68,100.68,San Eduardo,4.0,Cúcuta
Casa,Venta,380000000.0,0.0,0.0,4.0,3.0,1.0,105.71,108.13,Quinta Oriental,3.0,Cúcuta
Casa,Venta,550000000.0,0.0,0.0,1.0,1.0,1.0,447.0,300.0,Latino,3.0,Cúcuta
Casa,Venta,650000000.0,0.0,0.0,1.0,1.0,1.0,300.0,300.0,Latino,3.0,Cúcuta
Casa,Venta,450000000.0,0.0,0.0,3.0,3.0,2.0,118.92,118.92,Ceiba II,4.0,Cúcuta
Apartamento,Venta,130000000.0,0.0,0.0,3.0,2.0,0.0,88.53,88.53,EL LLANO,3.0,Cúcuta
Casa,Venta,370000000.0,0.0,2.0,5.0,3.0,1.0,90.0,90.0,El Bosque,3.0,Cúcuta
Casa,Venta,280000000.0,255000.0,0.0,3.0,3.0,1.0,86.95,62.4,"Bocono, Natura",4.0,Cúcuta
Apartamento,Venta,170000000.0,233200.0,0.0,3.0,1.0,0.0,75.05,75.05,"Av. Libertadores, Gratamira",3.0,Cúcuta
Apartamento,Venta,220000000.0,0.0,0.0,3.0,2.0,1.0,57.78,57.78,Prados Del Este - Urb Pamplonita,3.0,Cúcuta
Oficina,Venta,800000000.0,0.0,0.0,0.0,2.0,0.0,215.0,215.0,Barrio Blanco,7.0,Cúcuta
Casa,Venta,480000000.0,0.0,0.0,4.0,3.0,2.0,178.6,178.6,Quinta Bosch,4.0,Cúcuta
Apartamento,Venta,180000000.0,0.0,0.0,3.0,3.0,1.0,92.0,92.0,Av. Libertadores Gratamira,3.0,Cúcuta
Apartamento,Venta,94000000.0,75000.0,0.0,2.0,1.0,0.0,43.63,43.63,ANILLO VIAL OCCIDENTAL,1.0,Cúcuta
Casa,Venta,320000000.0,184000.0,1.0,3.0,2.0,1.0,112.0,112.0,Prados del Este,4.0,Cúcuta
Apartaestudio,Venta,195000000.0,280000.0,0.0,1.0,1.0,0.0,60.0,60.0,Caobos,4.0,Cúcuta
Casa,Venta,630000000.0,0.0,0.0,8.0,5.0,0.0,197.1,197.1,Los Acacios,4.0,Cúcuta
Casa,Venta,350000000.0,0.0,0.0,6.0,4.0,1.0,119.0,119.0,Guaimaral,4.0,Cúcuta
Casa,Venta,300000000.0,0.0,2.0,6.0,3.0,1.0,104.1,104.1,Urbanización Alameda,3.0,Cúcuta
Casa,Venta,330000000.0,0.0,2.0,4.0,4.0,1.0,66.0,66.0,Bocono,3.0,Cúcuta
Casa,Venta,640000000.0,0.0,3.0,6.0,4.0,2.0,108.0,108.0,Ceiba II,4.0,Cúcuta
Oficina,Venta,75000000.0,70000.0,0.0,0.0,1.0,0.0,16.0,16.0,Colsag,4.0,Cúcuta
Casa,Venta,330000000.0,354000.0,2.0,3.0,4.0,1.0,88.0,88.0,San Luis,3.0,Cúcuta
Casa,Venta,220000000.0,50000.0,0.0,3.0,1.0,1.0,99.0,99.0,Bocono,3.0,Cúcuta
Bodega,Venta,500000000.0,0.0,0.0,0.0,0.0,0.0,350.0,350.0,El Salado,3.0,Cúcuta
Casa,Venta,1250000000.0,0.0,2.0,4.0,3.0,2.0,253.55,462.4,La Riviera,5.0,Cúcuta
Casa,Venta,240000000.0,0.0,0.0,3.0,1.0,0.0,92.16,92.16,Zulima,3.0,Cúcuta
Casa,Venta,1100000000.0,950000.0,1.0,3.0,4.0,2.0,216.69,693.0,Bocono,6.0,Cúcuta
Casa,Venta,370000000.0,0.0,0.0,6.0,2.0,2.0,90.0,90.0,Tasajero,3.0,Cúcuta
Apartaestudio,Venta,140000000.0,352000.0,0.0,1.0,1.0,1.0,42.64,42.64,Colsag,4.0,Cúcuta
Casa,Venta,270000000.0,261000.0,0.0,3.0,3.0,1.0,86.95,62.4,ANILLO VIAL -BOCONO,4.0,Cúcuta
Casa,Venta,330000000.0,0.0,2.0,5.0,5.0,1.0,183.0,90.0,San Luis,3.0,Cúcuta
Casa,Venta,195000000.0,150000.0,2.0,3.0,3.0,1.0,53.48,53.48,Villa Del Rosario,3.0,Cúcuta
Apartamento,Venta,170000000.0,200000.0,0.0,3.0,2.0,1.0,55.11,55.11,Garcia Herreros,3.0,Cúcuta
Apartamento,Venta,170000000.0,165000.0,0.0,2.0,2.0,0.0,55.11,55.11,Garcia Herreros,3.0,Cúcuta
Casa,Venta,420000000.0,354000.0,2.0,3.0,4.0,2.0,101.95,101.95,San Luis,3.0,Cúcuta
Local,Venta,150000000.0,676500.0,0.0,0.0,1.0,0.0,36.24,36.24,Centro,4.0,Cúcuta
Apartamento,Venta,190000000.0,225000.0,0.0,3.0,2.0,1.0,53.0,53.0,Av. Libertadores,3.0,Cúcuta
Casa,Venta,310000000.0,0.0,0.0,3.0,3.0,1.0,90.0,90.0,Tasajero,3.0,Cúcuta
Casa,Venta,800000000.0,0.0,0.0,7.0,4.0,1.0,197.0,257.0,El Llano,3.0,Cúcuta
Casa,Venta,450000000.0,91500.0,0.0,3.0,4.0,2.0,78.5,79.5,Quinta Oriental,4.0,Cúcuta
Casa,Venta,1200000000.0,830000.0,3.0,3.0,3.0,5.0,350.0,220.0,Variante La Floresta,2.0,Cúcuta
Casa,Venta,180000000.0,0.0,0.0,5.0,1.0,1.0,197.0,225.0,San Miguel,3.0,Cúcuta
Apartamento,Venta,300000000.0,250000.0,0.0,3.0,2.0,1.0,94.4,94.4,La Playa,4.0,Cúcuta
Casa,Venta,620000000.0,0.0,0.0,3.0,3.0,2.0,257.0,112.83,Zulima,3.0,Cúcuta
Apartamento,Venta,140000000.0,110000.0,0.0,3.0,1.0,0.0,46.11,46.11,Bocono,3.0,Cúcuta
Casa,Venta,750000000.0,0.0,3.0,5.0,4.0,2.0,126.75,126.75,Niza,3.0,Cúcuta
Lote,Venta,680000000.0,0.0,0.0,0.0,0.0,0.0,0.0,438.0,Barrio Blanco,5.0,Cúcuta
Local,Venta,750000000.0,0.0,0.0,0.0,4.0,0.0,117.0,168.0,Quinta Oriental,3.0,Cúcuta
Casa,Venta,1200000000.0,0.0,1.0,3.0,5.0,3.0,342.0,342.0,CAOBOS,5.0,Cúcuta
Casa,Venta,1680000000.0,491000.0,2.0,5.0,6.0,3.0,416.0,525.0,Bocono,4.0,Cúcuta
Casalote,Venta,3500000000.0,0.0,0.0,1.0,1.0,0.0,2120.0,2120.0,Quinta Oriental,4.0,Cúcuta
Bodega,Venta,260000000.0,0.0,0.0,0.0,0.0,0.0,352.0,352.0,San Luis,3.0,Cúcuta
Casa,Venta,160000000.0,0.0,0.0,1.0,2.0,0.0,134.0,120.0,El Contento,3.0,Cúcuta
Casa,Venta,270000000.0,0.0,2.0,3.0,3.0,1.0,142.0,77.71,La Cabrera,3.0,Cúcuta
Apartamento,Venta,100000000.0,70000.0,0.0,3.0,1.0,0.0,43.63,43.63,ANILLO VIAL,1.0,Cúcuta
Apartamento,Venta,250000000.0,385000.0,0.0,4.0,4.0,1.0,89.0,119.0,Barrio Blanco,4.0,Cúcuta
Casalote,Venta,223000000.0,0.0,0.0,6.0,3.0,0.0,308.0,308.0,Sevilla,2.0,Cúcuta
Apartamento,Venta,250000000.0,276000.0,1.0,3.0,2.0,1.0,57.07,57.07,Prados del Este,3.0,Cúcuta
Casa,Venta,300000000.0,0.0,2.0,6.0,4.0,1.0,90.0,90.0,Bocono - Santa Ana,2.0,Cúcuta
Apartamento,Venta,250000000.0,179000.0,1.0,3.0,2.0,1.0,68.0,68.0,Guaimaral,3.0,Cúcuta
Casa,Venta,280000000.0,0.0,1.0,4.0,3.0,1.0,165.28,165.28,La Playa,3.0,Cúcuta
Apartamento,Venta,420000000.0,0.0,0.0,3.0,3.0,1.0,164.47,164.47,La Riviera,5.0,Cúcuta
Apartamento,Venta,250000000.0,323000.0,0.0,3.0,2.0,1.0,68.43,68.43,San Eduardo,4.0,Cúcuta
Casa,Venta,390000000.0,0.0,1.0,4.0,2.0,2.0,116.0,150.0,Ceiba II,4.0,Cúcuta
Casa,Venta,450000000.0,0.0,0.0,2.0,2.0,0.0,110.0,120.0,El Paramo,3.0,Cúcuta
Casa,Venta,700000000.0,0.0,4.0,9.0,9.0,0.0,400.0,112.0,La Libertad - Bellavista,2.0,Cúcuta
Apartamento,Venta,500000000.0,0.0,0.0,3.0,4.0,0.0,230.0,180.0,Quinta Bosch,4.0,Cúcuta
Casa,Venta,400000000.0,0.0,3.0,4.0,5.0,2.0,270.0,110.0,Prados del Este,4.0,Cúcuta
Casa,Venta,700000000.0,0.0,0.0,4.0,2.0,2.0,353.99,353.99,Quinta Bosch,3.0,Cúcuta
Casa,Venta,1608700000.0,0.0,0.0,5.0,5.0,0.0,232.0,232.3,Quinta Oriental,4.0,Cúcuta
Casa,Venta,300000000.0,0.0,1.0,3.0,3.0,1.0,80.0,67.2,Bocono Sector Santa Clara,3.0,Cúcuta
Bodega,Venta,8000000000.0,0.0,2.0,0.0,0.0,0.0,947.0,2000.0,La Merced,4.0,Cúcuta
Casa,Venta,115000000.0,0.0,1.0,3.0,3.0,0.0,121.0,181.0,Belisario,1.0,Cúcuta
Apartamento,Venta,200000000.0,230000.0,0.0,3.0,2.0,1.0,100.16,100.16,"Av. Libertadores, Prados I",4.0,Cúcuta
Casa,Venta,360000000.0,0.0,1.0,3.0,2.0,2.0,72.0,132.88,"San Luis, La Florida",3.0,Cúcuta
Lote,Venta,300000000.0,0.0,0.0,0.0,0.0,0.0,0.0,495.0,Bocono,3.0,Cúcuta
Casa,Venta,600000000.0,0.0,1.0,5.0,4.0,1.0,168.0,241.0,La Ceiba,4.0,Cúcuta
Casa-local,Venta,380000000.0,0.0,2.0,3.0,2.0,0.0,108.0,108.0,Govika,4.0,Cúcuta
Casa,Venta,130000000.0,0.0,1.0,3.0,1.0,1.0,80.0,90.0,Trigal Del Norte,2.0,Cúcuta
Apartamento,Venta,185000000.0,170000.0,0.0,3.0,2.0,0.0,49.93,49.93,Prados Del Este,3.0,Cúcuta
Apartamento,Venta,75000000.0,70000.0,0.0,3.0,1.0,0.0,39.68,39.68,Anillo Vial,1.0,Cúcuta
Casalote,Venta,500000000.0,0.0,0.0,6.0,3.0,2.0,485.0,485.0,San Luis,3.0,Cúcuta
Apartamento,Venta,175000000.0,150000.0,0.0,3.0,3.0,1.0,51.31,51.31,Garcia Herreros,3.0,Cúcuta
Casa,Venta,160000000.0,0.0,0.0,3.0,1.0,1.0,182.0,208.0,El Contento,3.0,Cúcuta
Casa,Venta,80000000.0,0.0,1.0,3.0,1.0,1.0,56.0,64.0,Cuberos Niños,2.0,Cúcuta
Apartamento,Venta,180000000.0,230000.0,0.0,3.0,2.0,1.0,61.7,61.7,San Luis,2.0,Cúcuta
Casa,Venta,580000000.0,0.0,3.0,8.0,5.0,2.0,301.0,163.37,Ceiba II,4.0,Cúcuta
Apartamento,Venta,230000000.0,350000.0,0.0,4.0,3.0,1.0,85.5,85.5,Caobos,4.0,Cúcuta
Apartamento,Venta,255000000.0,430000.0,0.0,2.0,2.0,1.0,109.4,109.4,Colsag,5.0,Cúcuta
Apartamento,Venta,350000000.0,430000.0,0.0,3.0,3.0,2.0,115.0,115.0,La Ceiba,4.0,Cúcuta
Oficina,Venta,850000000.0,1500000.0,1.0,0.0,1.0,0.0,101.23,101.23,Quinta Velez,4.0,Cúcuta
Apartamento,Venta,160000000.0,130000.0,0.0,3.0,2.0,0.0,59.66,59.66,Urbanizacion Natura Parque Central,3.0,Cúcuta
Apartamento,Venta,170000000.0,0.0,0.0,3.0,2.0,1.0,79.67,79.67,PRADOS DEL NORTE,4.0,Cúcuta
Apartamento,Venta,80000000.0,70000.0,0.0,3.0,1.0,0.0,39.65,39.65,Anillo Vial,1.0,Cúcuta
Apartamento,Venta,160000000.0,220000.0,0.0,3.0,2.0,0.0,55.443,55.443,García Herreros,3.0,Cúcuta
Casa,Venta,450000000.0,0.0,2.0,4.0,4.0,2.0,199.1,199.1,Niza,4.0,Cúcuta
Casa,Venta,350000000.0,0.0,0.0,3.0,3.0,1.0,114.0,114.0,Niza,4.0,Cúcuta
Casa,Venta,1650000000.0,392000.0,2.0,4.0,6.0,2.0,360.0,506.0,Bocono,4.0,Cúcuta
Casa,Venta,680000000.0,0.0,1.0,3.0,4.0,0.0,186.3,186.3,La Playa,3.0,Cúcuta
Casa,Venta,230000000.0,0.0,1.0,5.0,3.0,2.0,210.0,210.0,Atalaya - Comuneros,3.0,Cúcuta
Casa,Venta,800000000.0,235000.0,3.0,3.0,4.0,2.0,120.0,120.0,San Pedro - Portico,5.0,Cúcuta
Casa,Venta,200000000.0,0.0,2.0,3.0,2.0,1.0,141.35,141.35,Circunvalacion,3.0,Cúcuta
Apartamento,Venta,235000000.0,100000.0,0.0,2.0,1.0,0.0,50.21,50.21,Latino,3.0,Cúcuta
Apartaestudio,Venta,200000000.0,0.0,2.0,1.0,2.0,1.0,68.58,34.29,LA PLAYA,3.0,Cúcuta
Hotel,Venta,800000000.0,0.0,2.0,20.0,20.0,0.0,334.0,167.0,Pueblo Nuevo,2.0,Cúcuta
Apartamento,Venta,240000000.0,0.0,0.0,4.0,3.0,1.0,84.1,84.1,La Ceiba,4.0,Cúcuta
Apartamento,Venta,180000000.0,0.0,0.0,3.0,2.0,0.0,88.07,88.07,Lleras Restrepo,4.0,Cúcuta
Apartamento,Venta,155000000.0,50000.0,0.0,2.0,1.0,0.0,47.0,47.0,Cundinamarca,2.0,Cúcuta
Apartamento,Venta,155000000.0,50000.0,0.0,2.0,1.0,0.0,47.0,47.0,Cundinamarca,2.0,Cúcuta
Apartamento,Venta,155000000.0,50000.0,0.0,2.0,1.0,0.0,47.0,47.0,Cundinamarca,2.0,Cúcuta
Apartamento,Venta,155000000.0,50000.0,0.0,2.0,1.0,0.0,47.0,47.0,Cundinamarca,2.0,Cúcuta
Apartamento,Venta,169000000.0,50000.0,0.0,2.0,1.0,0.0,47.0,47.0,Cundinamarca,2.0,Cúcuta
Apartamento,Venta,169000000.0,50000.0,0.0,2.0,1.0,0.0,47.0,47.0,Cundinamarca,2.0,Cúcuta
Apartamento,Venta,169000000.0,50000.0,0.0,2.0,1.0,0.0,47.0,47.0,Cundinamarca,2.0,Cúcuta
Bodega,Venta,1600000000.0,0.0,0.0,0.0,0.0,0.0,1000.0,1000.0,El Salado,2.0,Cúcuta
Casa,Venta,450000000.0,0.0,1.0,6.0,3.0,3.0,250.0,250.0,Colsag,4.0,Cúcuta
Apartamento,Venta,240000000.0,0.0,2.0,3.0,2.0,0.0,115.0,115.0,Barrio Blanco,4.0,Cúcuta
Local,Venta,160000000.0,0.0,1.0,0.0,1.0,0.0,33.89,33.89,Centro,3.0,Cúcuta
Apartamento,Venta,850000000.0,860000.0,0.0,4.0,5.0,2.0,155.07,155.07,"Vía Tennis, Edf. Altavista",6.0,Cúcuta
Hotel,Venta,750000000.0,0.0,3.0,15.0,15.0,0.0,388.0,226.0,Centro,6.0,Cúcuta
Apartamento,Venta,210000000.0,146000.0,0.0,3.0,2.0,1.0,51.38,51.38,Garcia Herreros,3.0,Cúcuta
Apartamento,Venta,59000000.0,60000.0,0.0,2.0,1.0,0.0,42.2,42.2,El Rodeo - Arrayanes,1.0,Cúcuta
Apartamento,Venta,82000000.0,60000.0,0.0,2.0,1.0,0.0,42.2,42.2,El Rodeo - Arrayanes,1.0,Cúcuta
Local,Venta,600050000.0,500000.0,0.0,2.0,2.0,0.0,58.37,58.37,Centro,4.0,Cúcuta
Apartamento,Venta,330000000.0,243100.0,0.0,3.0,2.0,1.0,62.78,62.78,San Mateo,4.0,Cúcuta
Casa,Venta,440000000.0,0.0,2.0,4.0,4.0,2.0,108.0,108.0,Ceiba II,4.0,Cúcuta
Apartamento,Venta,235000000.0,235000.0,0.0,3.0,2.0,1.0,53.3,53.3,Prados Del Este,3.0,Cúcuta
Apartamento,Venta,155000000.0,178000.0,0.0,3.0,2.0,1.0,54.5,54.5,Garcia Herreros,2.0,Cúcuta
Casa,Venta,300000000.0,0.0,1.0,3.0,2.0,1.0,168.3,168.3,Cundinamarca,2.0,Cúcuta
Apartamento,Venta,290000000.0,223000.0,0.0,3.0,2.0,1.0,56.82,56.82,San Mateo,4.0,Cúcuta
Casa,Venta,260000000.0,0.0,2.0,5.0,3.0,1.0,63.0,63.0,Atalaya - La Victoria,2.0,Cúcuta
Apartamento,Venta,150000000.0,102000.0,0.0,3.0,1.0,1.0,46.11,46.11,Bocono,3.0,Cúcuta
Casa,Venta,440000000.0,328000.0,2.0,3.0,3.0,2.0,110.1,99.52,Guaimaral,3.0,Cúcuta
Apartamento,Venta,200000000.0,0.0,0.0,3.0,2.0,1.0,57.0,57.0,Niza,4.0,Cúcuta
Apartamento,Venta,270000000.0,430000.0,0.0,3.0,2.0,1.0,64.32,64.32,Niza,4.0,Cúcuta
Bodega,Venta,1000000000.0,0.0,0.0,0.0,0.0,0.0,359.25,359.25,Lleras Restrepo,4.0,Cúcuta
Consultorio,Venta,120000000.0,480000.0,0.0,2.0,2.0,0.0,40.71,40.71,Quinta Vélez,4.0,Cúcuta
Apartamento,Venta,390000000.0,360000.0,0.0,4.0,4.0,2.0,161.0,161.0,La Playa,4.0,Cúcuta
Casa,Venta,380000000.0,140000.0,2.0,3.0,3.0,1.0,160.0,88.0,BOCONO - ARKAMAR CAMPESTRE,4.0,Cúcuta
Casa,Venta,430000000.0,0.0,0.0,3.0,3.0,2.0,176.0,108.0,Ceiba II,4.0,Cúcuta
Apartamento,Venta,180000000.0,0.0,0.0,2.0,2.0,1.0,80.52,80.52,"Av. Libertadores, Gratamira",3.0,Cúcuta
Casa,Venta,470000000.0,0.0,2.0,4.0,4.0,0.0,156.0,156.0,La Ceiba - Santa Lucia,4.0,Cúcuta
Apartamento,Venta,115000000.0,0.0,0.0,2.0,2.0,0.0,48.86,48.86,Torcoroma,2.0,Cúcuta
Apartamento,Venta,470000000.0,0.0,0.0,3.0,2.0,1.0,85.1,85.1,Caobos,5.0,Cúcuta
Apartamento,Venta,550000000.0,360000.0,0.0,4.0,4.0,2.0,161.04,161.04,La Playa,4.0,Cúcuta
Apartamento,Venta,1300000000.0,1502000.0,0.0,4.0,4.0,3.0,243.0,243.0,La Riviera,5.0,Cúcuta
Casa,Venta,320000000.0,0.0,2.0,4.0,4.0,4.0,240.0,249.0,La Libertad,2.0,Cúcuta
Apartamento,Venta,220000000.0,270000.0,0.0,3.0,2.0,1.0,90.0,90.0,Av. Libertadores,4.0,Cúcuta
Casa,Venta,520000000.0,0.0,2.0,5.0,3.0,2.0,239.68,186.4,Lleras Restrepo,3.0,Cúcuta
Apartamento,Venta,150000000.0,102000.0,0.0,3.0,1.0,0.0,46.11,46.11,Bocono,3.0,Cúcuta
Apartaestudio,Venta,125000000.0,0.0,0.0,1.0,1.0,0.0,41.33,41.33,Centro,2.0,Cúcuta
Casa,Venta,530000000.0,0.0,2.0,4.0,4.0,2.0,149.9,149.9,Ceiba II,4.0,Cúcuta
Casa,Venta,500000000.0,0.0,2.0,9.0,6.0,1.0,246.0,246.0,La Libertad,2.0,Cúcuta
Casa,Venta,300000000.0,0.0,1.0,2.0,3.0,1.0,229.0,267.0,Motilones - Atalaya,2.0,Cúcuta
Casa,Venta,550000000.0,0.0,1.0,5.0,4.0,0.0,138.0,271.0,Lleras Restrepo,4.0,Cúcuta
Casa,Venta,110000000.0,0.0,0.0,2.0,1.0,1.0,49.0,78.0,La Concordia,2.0,Cúcuta
Apartamento,Venta,225000000.0,430000.0,1.0,3.0,2.0,1.0,64.32,64.32,Niza,4.0,Cúcuta
Casa,Venta,400000000.0,0.0,2.0,5.0,4.0,1.0,306.24,112.87,San Luis,3.0,Cúcuta
Apartamento,Venta,150000000.0,0.0,0.0,3.0,1.0,0.0,68.55,68.55,Pescadero,3.0,Cúcuta
Apartamento,Venta,350000000.0,0.0,0.0,2.0,2.0,0.0,60.0,60.0,El Llano,3.0,Cúcuta
Casa,Venta,1500000000.0,0.0,1.0,0.0,0.0,0.0,310.5,310.5,Quinta Vélez,5.0,Cúcuta
Apartamento,Venta,220000000.0,288000.0,0.0,3.0,2.0,1.0,55.0,55.0,San Luis,3.0,Cúcuta
Apartamento,Venta,400000000.0,640000.0,0.0,2.0,3.0,2.0,110.21,110.21,Caobos,5.0,Cúcuta
Apartamento,Venta,200000000.0,0.0,1.0,3.0,3.0,0.0,112.82,112.82,Barrio Blanco,3.0,Cúcuta
Apartamento,Venta,155000000.0,200000.0,1.0,3.0,2.0,1.0,64.08,64.08,San Rafael,3.0,Cúcuta
Apartamento,Venta,152000000.0,0.0,1.0,2.0,1.0,0.0,54.0,54.0,Quinta Oriental,4.0,Cúcuta
Casa-local,Venta,700000000.0,0.0,2.0,2.0,1.0,0.0,85.2,85.2,La Merced,3.0,Cúcuta
Lote,Venta,600000000.0,0.0,0.0,0.0,0.0,0.0,0.0,252.0,Guaimaral,4.0,Cúcuta
Apartamento,Venta,350000000.0,560000.0,0.0,3.0,2.0,1.0,103.0,103.0,La Riviera,5.0,Cúcuta
Apartamento,Venta,300000000.0,224800.0,0.0,2.0,2.0,1.0,89.0,89.0,Caobos,5.0,Cúcuta
Casalote,Venta,250000000.0,0.0,0.0,0.0,0.0,0.0,967.54,967.54,Loma De Bolívar,2.0,Cúcuta
Lote,Venta,3000000000.0,0.0,0.0,0.0,0.0,0.0,0.0,846.0,Centro,4.0,Cúcuta
Casa,Venta,650000000.0,0.0,0.0,8.0,5.0,1.0,196.72,196.72,La Cabrera,2.0,Cúcuta
Lote,Venta,160000000.0,0.0,0.0,0.0,0.0,0.0,0.0,224.5,Via al tennis,5.0,Cúcuta
Bodega,Venta,260000000.0,0.0,0.0,0.0,4.0,0.0,128.0,128.0,Loma De Bolívar,2.0,Cúcuta
Casa,Venta,200000000.0,0.0,0.0,4.0,3.0,1.0,120.0,120.0,San Martin,2.0,Cúcuta
Apartamento,Venta,200000000.0,220000.0,0.0,3.0,2.0,1.0,94.0,94.0,La Playa,4.0,Cúcuta
Apartamento,Venta,290000000.0,325000.0,0.0,3.0,2.0,1.0,99.96,99.96,Av. Libertadores,5.0,Cúcuta
Apartamento,Venta,250000000.0,230000.0,0.0,2.0,2.0,1.0,50.0,50.0,San Mateo,4.0,Cúcuta
Casa,Venta,150000000.0,0.0,2.0,3.0,2.0,1.0,77.87,77.87,"La Libertad, Aguas Calientes",2.0,Cúcuta
Apartamento,Venta,120000000.0,0.0,0.0,2.0,2.0,1.0,77.38,77.38,Nuevo Escobal,2.0,Cúcuta
Apartamento,Venta,140000000.0,0.0,0.0,3.0,2.0,1.0,80.38,157.76,Nuevo Escobal,3.0,Cúcuta
Apartamento,Venta,240000000.0,200000.0,0.0,3.0,2.0,1.0,51.17,51.17,Prados Del Este,3.0,Cúcuta
Casa,Venta,950000000.0,0.0,0.0,5.0,5.0,0.0,420.0,420.0,Sayago,5.0,Cúcuta
Casa,Venta,500000000.0,0.0,0.0,4.0,3.0,1.0,235.02,235.02,Quinta Bosch,4.0,Cúcuta
Casa,Venta,100000000.0,0.0,0.0,2.0,2.0,1.0,41.05,40.0,El Rodeo,1.0,Cúcuta
Casa,Venta,350000000.0,0.0,0.0,4.0,4.0,1.0,78.0,78.0,La Concordia,2.0,Cúcuta
Casa,Venta,320000000.0,0.0,0.0,6.0,2.0,5.0,250.0,250.0,San Miguel,3.0,Cúcuta
Local,Venta,230000000.0,150000.0,0.0,0.0,1.0,0.0,22.0,22.0,Colsag,3.0,Cúcuta
Casa,Venta,333000000.0,0.0,0.0,4.0,3.0,1.0,160.0,90.0,Tasajero,3.0,Cúcuta
Casa,Venta,450000000.0,0.0,0.0,3.0,4.0,1.0,126.0,126.0,Garcia Herreros,2.0,Cúcuta
Apartamento,Venta,250000000.0,0.0,0.0,3.0,2.0,1.0,164.51,164.51,El Contento,3.0,Cúcuta
Casa,Venta,500000000.0,0.0,0.0,4.0,3.0,1.0,98.28,153.0,El Contento,3.0,Cúcuta
Casa,Venta,450000000.0,0.0,2.0,3.0,4.0,2.0,186.0,120.0,Ceiba II,4.0,Cúcuta
Casalote,Venta,900000000.0,0.0,0.0,0.0,0.0,0.0,413.0,413.0,El Llano,3.0,Cúcuta
Casa,Venta,800000000.0,157000.0,3.0,4.0,5.0,1.0,300.0,105.0,Avenida del Rio,4.0,Cúcuta
Casa,Venta,3200000000.0,0.0,0.0,0.0,0.0,0.0,414.0,720.0,Barrio Blanco,5.0,Cúcuta
Oficina,Venta,100000000.0,0.0,0.0,0.0,1.0,0.0,30.0,30.0,Centro,4.0,Cúcuta
Apartamento,Venta,270000000.0,254000.0,0.0,3.0,3.0,1.0,68.5,68.5,Av. Libertadores,3.0,Cúcuta
Apartamento,Venta,395000000.0,422000.0,0.0,3.0,2.0,2.0,100.68,100.68,San Eduardo,4.0,Cúcuta
Local,Venta,81000000.0,230100.0,0.0,0.0,1.0,0.0,16.85,16.85,Centro,3.0,Cúcuta
Local,Venta,79000000.0,256000.0,0.0,0.0,1.0,0.0,16.41,16.41,Centro,3.0,Cúcuta
Local,Venta,87000000.0,272300.0,0.0,0.0,1.0,0.0,17.56,17.56,Centro,3.0,Cúcuta
Edificio,Venta,1000000000.0,0.0,0.0,9.0,6.0,0.0,100.5,100.5,Centro,4.0,Cúcuta
Local,Venta,550000000.0,0.0,0.0,0.0,4.0,0.0,220.0,0.0,Claret,2.0,Cúcuta
Casa campestre,Venta,2200000000.0,0.0,0.0,3.0,6.0,10.0,300.0,5000.0,Via al Portico Sector el Resumen,4.0,Cúcuta
Apartamento,Venta,230000000.0,168000.0,0.0,3.0,2.0,1.0,68.0,68.0,Guaimaral,3.0,Cúcuta
Apartamento,Venta,140000000.0,0.0,0.0,2.0,1.0,0.0,65.95,65.95,CENTRO,4.0,Cúcuta
Apartamento,Venta,298000000.0,510000.0,0.0,3.0,2.0,2.0,110.53,110.53,Sayago,3.0,Cúcuta
Apartamento,Venta,495000000.0,400000.0,0.0,4.0,4.0,2.0,136.32,136.32,San Mateo,4.0,Cúcuta
Casa,Venta,305000000.0,0.0,1.0,3.0,2.0,1.0,110.0,91.0,Gratamira,4.0,Cúcuta
Casa,Venta,280000000.0,0.0,2.0,4.0,3.0,0.0,96.75,96.75,San Eduardo,3.0,Cúcuta
Apartamento,Venta,127000000.0,0.0,0.0,3.0,2.0,1.0,41.81,41.81,Cecilia Castro,2.0,Cúcuta
Casa,Venta,290000000.0,0.0,0.0,8.0,4.0,1.0,300.0,197.5,Callejón,3.0,Cúcuta
Local,Venta,235000000.0,0.0,0.0,0.0,2.0,0.0,42.0,42.0,Callejón,3.0,Cúcuta
Casa,Venta,220000000.0,0.0,0.0,3.0,3.0,2.0,92.17,92.17,Zulima II,3.0,Cúcuta
Apartamento,Venta,170000000.0,0.0,0.0,2.0,2.0,0.0,49.0,49.0,Garcia Herreros,3.0,Cúcuta
Apartamento,Venta,105000000.0,0.0,0.0,3.0,1.0,0.0,41.81,41.81,PARQUES DE BOLIVAR,2.0,Cúcuta
Apartamento,Venta,350000000.0,425000.0,0.0,3.0,4.0,2.0,93.08,93.08,CEIBA II,4.0,Cúcuta
Casa,Venta,350000000.0,0.0,2.0,3.0,3.0,1.0,80.5,80.5,Lleras Restrepo,4.0,Cúcuta
Casa,Venta,380000000.0,0.0,0.0,3.0,4.0,0.0,300.0,136.0,El Llano,3.0,Cúcuta
Apartaestudio,Venta,110000000.0,183000.0,1.0,1.0,1.0,0.0,66.0,66.0,Centro,3.0,Cúcuta
Casa,Venta,200000000.0,0.0,0.0,6.0,3.0,0.0,250.0,250.0,Sevilla,2.0,Cúcuta
Casa,Venta,330000000.0,0.0,0.0,4.0,3.0,1.0,120.0,126.75,Niza,3.0,Cúcuta
Local,Venta,70000000.0,0.0,0.0,0.0,1.0,0.0,15.9,15.9,Latino,3.0,Cúcuta
Apartamento,Venta,240000000.0,0.0,0.0,3.0,2.0,0.0,77.85,77.85,La Cabrera,3.0,Cúcuta
Local,Venta,110000000.0,140000.0,0.0,0.0,1.0,0.0,2.77,2.77,Centro,3.0,Cúcuta
Casa,Venta,1300000000.0,0.0,0.0,8.0,6.0,2.0,455.0,282.0,La Riviera,4.0,Cúcuta
Apartamento,Venta,240000000.0,70000.0,0.0,4.0,3.0,1.0,113.0,113.0,Quinta Bosch,4.0,Cúcuta
Local,Venta,1200000000.0,0.0,2.0,0.0,1.0,0.0,300.0,172.0,Caobos,5.0,Cúcuta
Casa,Venta,175000000.0,133000.0,2.0,2.0,1.0,1.0,63.0,63.0,Villa del Rosario,3.0,Cúcuta
Casa,Venta,450000000.0,0.0,0.0,4.0,2.0,2.0,173.0,212.0,Quinta Bosch,4.0,Cúcuta
Casa,Venta,350000000.0,0.0,0.0,5.0,4.0,1.0,99.0,99.0,Tasajero,3.0,Cúcuta
Apartamento,Venta,240000000.0,206000.0,0.0,2.0,2.0,1.0,51.45,51.45,Prados Del Este,3.0,Cúcuta
Apartamento,Venta,230000000.0,206000.0,0.0,3.0,2.0,1.0,51.45,51.45,Prados Del Este,3.0,Cúcuta
Casa-local,Venta,750000000.0,0.0,0.0,4.0,3.0,1.0,214.0,180.0,Ceiba II,4.0,Cúcuta
Casa,Venta,600000000.0,0.0,3.0,6.0,7.0,2.0,373.0,156.0,La Ceiba - Santa Lucia,3.0,Cúcuta
Casa,Venta,175000000.0,117000.0,0.0,2.0,2.0,1.0,75.0,56.0,Bocono,3.0,Cúcuta
Casa,Venta,380000000.0,233600.0,2.0,3.0,3.0,1.0,134.0,143.0,Av. Libertadores,4.0,Cúcuta
Apartamento,Venta,240000000.0,293000.0,0.0,3.0,3.0,1.0,115.0,115.0,Caobos,5.0,Cúcuta
Casa,Venta,380000000.0,0.0,0.0,3.0,2.0,3.0,135.0,135.0,Siglo XXI,2.0,Cúcuta
Casa,Venta,390000000.0,0.0,0.0,5.0,4.0,2.0,126.0,126.0,Niza,3.0,Cúcuta
Casa-local,Venta,980000000.0,0.0,0.0,4.0,5.0,0.0,307.0,307.0,El Llano,3.0,Cúcuta
Casa-local,Venta,430000000.0,0.0,0.0,4.0,3.0,1.0,230.0,230.0,La Playa,3.0,Cúcuta
Apartamento,Venta,270000000.0,50000.0,0.0,3.0,3.0,2.0,108.0,108.0,COLSAG,4.0,Cúcuta
Casa,Venta,2000000000.0,0.0,0.0,5.0,5.0,3.0,350.0,507.0,Lleras Restrepo,5.0,Cúcuta
Apartamento,Venta,120000000.0,82000.0,0.0,3.0,1.0,0.0,45.46,45.46,PARQUES DE BOLIVAR,3.0,Cúcuta
Hotel,Venta,6000000000.0,0.0,2.0,46.0,48.0,20.0,1727.0,694.0,Centro,4.0,Cúcuta
Casa,Venta,340000000.0,0.0,0.0,3.0,3.0,2.0,87.06,175.0,Los Pinos Ceiba,4.0,Cúcuta
Bodega,Venta,800000000.0,0.0,0.0,0.0,0.0,0.0,554.4,268.0,Callejon,2.0,Cúcuta
Casa,Venta,440000000.0,0.0,0.0,4.0,3.0,2.0,143.84,143.84,Caobos,5.0,Cúcuta
Casa,Venta,300000000.0,0.0,0.0,4.0,3.0,1.0,152.0,92.16,Zulima I,3.0,Cúcuta
Casa,Venta,800000000.0,0.0,0.0,4.0,3.0,0.0,221.39,105.43,Sayago,4.0,Cúcuta
Lote,Venta,260000000.0,503000.0,0.0,0.0,0.0,0.0,0.0,262.95,San Pedro - Portico,4.0,Cúcuta
Apartamento,Venta,135000000.0,0.0,0.0,2.0,1.0,0.0,87.0,87.0,Atalaya Chapinero,2.0,Cúcuta
Casa,Venta,390000000.0,0.0,0.0,3.0,2.0,1.0,160.0,160.0,La Cabrera,3.0,Cúcuta
Casa,Venta,330000000.0,0.0,2.0,4.0,2.0,1.0,264.0,264.0,Atalaya - Los Almendros,2.0,Cúcuta
Apartamento,Venta,85000000.0,70000.0,0.0,3.0,1.0,0.0,39.68,39.68,ANILLO VIAL,2.0,Cúcuta
Casa,Venta,520000000.0,0.0,2.0,4.0,4.0,1.0,204.0,150.0,Ceiba II,4.0,Cúcuta
Casa,Venta,1200000000.0,0.0,0.0,6.0,3.0,3.0,600.0,300.0,Quinta Oriental,3.0,Cúcuta
Lote,Venta,380000000.0,428000.0,0.0,0.0,0.0,0.0,0.0,1370.0,Villa Del Rosario,3.0,Cúcuta
Lote,Venta,290000000.0,333000.0,0.0,0.0,0.0,0.0,0.0,1100.0,Villa Del Rosario,3.0,Cúcuta
Apartamento,Venta,350000000.0,390000.0,0.0,3.0,2.0,1.0,126.21,126.21,Quinta Vélez,4.0,Cúcuta
Apartamento,Venta,160000000.0,175000.0,0.0,3.0,2.0,0.0,47.44,47.44,Prados Del Este,3.0,Cúcuta
Apartamento,Venta,120000000.0,120000.0,0.0,3.0,2.0,0.0,45.58,45.58,SANTANDER,2.0,Cúcuta
Apartamento,Venta,50000000.0,0.0,0.0,2.0,1.0,0.0,40.6,40.6,Atalaya,2.0,Cúcuta
Local,Venta,200000000.0,0.0,0.0,0.0,0.0,0.0,0.0,53.42,Santander,2.0,Cúcuta
Casa,Venta,220000000.0,180000.0,1.0,3.0,3.0,1.0,105.86,105.86,EL ESCOBAL,3.0,Cúcuta
Casa,Venta,350000000.0,0.0,0.0,6.0,3.0,2.0,192.0,96.0,San Luis,4.0,Cúcuta
Casa,Venta,460000000.0,0.0,0.0,4.0,4.0,2.0,150.61,108.0,Ceiba II,4.0,Cúcuta
Casa,Venta,460000000.0,0.0,0.0,4.0,4.0,2.0,150.61,108.0,Ceiba II,4.0,Cúcuta
Apartamento,Venta,330000000.0,510000.0,0.0,3.0,2.0,2.0,109.59,109.59,Sayago,3.0,Cúcuta
Casa,Venta,220000000.0,0.0,2.0,3.0,2.0,1.0,140.0,100.75,Sevilla,2.0,Cúcuta
Lote,Venta,190000000.0,210000.0,0.0,0.0,0.0,0.0,0.0,1000.0,Los Patios,3.0,Cúcuta
Apartamento,Venta,270000000.0,375600.0,0.0,3.0,2.0,1.0,105.57,105.57,San Mateo,3.0,Cúcuta
Apartaestudio,Venta,180000000.0,193000.0,1.0,1.0,1.0,1.0,43.0,43.0,Guaimaral,3.0,Cúcuta
Casa,Venta,200000000.0,0.0,2.0,3.0,3.0,2.0,120.0,120.75,Molinos del Norte,4.0,Cúcuta
Casa,Venta,420000000.0,0.0,2.0,5.0,2.0,4.0,175.0,512.0,San Luis,3.0,Cúcuta
Casa,Venta,670000000.0,210000.0,3.0,5.0,6.0,2.0,360.0,120.0,San Pedro - Portico,4.0,Cúcuta
Lote,Venta,60000000.0,0.0,0.0,0.0,0.0,0.0,286.0,286.0,cuberos Niño,2.0,Cúcuta
Casa,Venta,1500000000.0,0.0,0.0,3.0,2.0,1.0,315.0,415.0,Barrio Blanco,5.0,Cúcuta
Casa,Venta,1376577700.0,0.0,0.0,8.0,4.0,1.0,349.0,425.0,Caobos,5.0,Cúcuta
Local,Venta,300000000.0,0.0,0.0,0.0,0.0,0.0,0.0,300.0,Cundinamarca,3.0,Cúcuta
Casa,Venta,380000000.0,0.0,2.0,3.0,3.0,1.0,245.0,140.0,COMUNEROS,2.0,Cúcuta
Casa,Venta,350000000.0,0.0,2.0,6.0,3.0,1.0,193.5,96.75,San Eduardo,3.0,Cúcuta
Casa,Venta,600000000.0,0.0,0.0,5.0,5.0,2.0,213.0,300.0,Lleras Restrepo,3.0,Cúcuta
Apartamento,Venta,300000000.0,505000.0,0.0,3.0,2.0,1.0,103.29,103.29,Colsag,4.0,Cúcuta
Apartamento,Venta,225000000.0,240000.0,0.0,1.0,1.0,1.0,50.0,50.0,COLSAG,4.0,Cúcuta
Apartamento,Venta,220000000.0,160000.0,0.0,3.0,2.0,0.0,47.67,47.67,Prados Del Este,3.0,Cúcuta
Casa,Venta,198000000.0,0.0,1.0,3.0,2.0,1.0,90.0,98.0,San Luis,3.0,Cúcuta
Local,Venta,180000000.0,0.0,0.0,0.0,1.0,0.0,46.0,46.0,Centro,3.0,Cúcuta
Casa,Venta,500000000.0,217000.0,2.0,3.0,4.0,2.0,126.0,126.0,"Av. Libertadores, Prados II",4.0,Cúcuta
Casa,Venta,320000000.0,0.0,0.0,3.0,3.0,1.0,94.0,94.0,Siglo XXI,2.0,Cúcuta
Casa,Venta,700000000.0,0.0,0.0,5.0,5.0,1.0,198.0,103.0,Popular,3.0,Cúcuta
Casa,Venta,280000000.0,0.0,0.0,4.0,3.0,0.0,68.0,114.0,El Llano,3.0,Cúcuta
Local,Venta,1200000000.0,0.0,0.0,0.0,4.0,0.0,1000.0,2540.0,Belisario,2.0,Cúcuta
Apartamento,Venta,450000000.0,325000.0,0.0,3.0,3.0,1.0,127.0,127.0,Caobos,5.0,Cúcuta
Local,Venta,1600000000.0,0.0,0.0,0.0,6.0,0.0,469.0,264.0,Atalaya - Natilam,3.0,Cúcuta
Casa,Venta,380000000.0,0.0,2.0,4.0,3.0,2.0,92.0,110.0,Ceiba II,4.0,Cúcuta
Apartamento,Venta,260000000.0,298000.0,0.0,4.0,3.0,2.0,125.0,125.0,Colsag,4.0,Cúcuta
Apartamento,Venta,230000000.0,220000.0,0.0,3.0,2.0,1.0,70.32,70.32,Santa Ines,2.0,Cúcuta
Apartamento,Venta,200000000.0,115000.0,0.0,2.0,1.0,0.0,50.5,50.5,La Playa,3.0,Cúcuta
Casa,Venta,270000000.0,0.0,2.0,4.0,3.0,1.0,110.0,90.0,TASAJERO,3.0,Cúcuta
Apartamento,Venta,130000000.0,142600.0,1.0,3.0,2.0,0.0,48.88,48.88,BOCONO,3.0,Cúcuta
Local,Venta,1188000000.0,0.0,0.0,0.0,3.0,0.0,264.86,262.56,Niza,4.0,Cúcuta
Casa-local,Venta,680000000.0,0.0,3.0,7.0,3.0,0.0,390.0,130.0,LATINO,6.0,Cúcuta
Casa,Venta,370000000.0,0.0,2.0,3.0,3.0,1.0,90.0,150.0,Prados Del Este,4.0,Cúcuta
Apartamento,Venta,450000000.0,550000.0,0.0,3.0,3.0,2.0,137.81,137.81,Vía Club Tennis,6.0,Cúcuta
Casa,Venta,400000000.0,0.0,3.0,14.0,6.0,1.0,418.0,135.0,TRIGAL DEL NORTE,2.0,Cúcuta
Casa,Venta,140000000.0,100000.0,2.0,3.0,2.0,0.0,45.64,57.0,El Rodeo,2.0,Cúcuta
Casa,Venta,600000000.0,0.0,0.0,5.0,2.0,1.0,250.0,250.0,Colsag,4.0,Cúcuta
Casa,Venta,220000000.0,0.0,0.0,4.0,2.0,1.0,197.0,69.71,La Cabrera,3.0,Cúcuta
Casa,Venta,170000000.0,0.0,0.0,3.0,2.0,1.0,82.0,64.0,San Luis,3.0,Cúcuta
Casa,Venta,603000000.0,0.0,0.0,3.0,3.0,1.0,204.2,0.0,La Riviera,3.0,Cúcuta
Casa,Venta,800000000.0,0.0,0.0,9.0,5.0,1.0,250.0,250.0,Colsag,3.0,Cúcuta
Casa,Venta,330000000.0,0.0,0.0,4.0,3.0,1.0,234.0,129.83,BARRIO BLANCO,4.0,Cúcuta
Oficina,Venta,85000000.0,0.0,0.0,0.0,1.0,0.0,28.0,28.0,Centro,3.0,Cúcuta
Apartamento,Venta,450000000.0,430000.0,0.0,3.0,3.0,1.0,168.0,168.0,Quinta Velez,5.0,Cúcuta
Consultorio,Venta,200000000.0,0.0,0.0,0.0,1.0,0.0,0.0,29.05,La Playa,4.0,Cúcuta
Apartamento,Venta,83000000.0,81200.0,0.0,3.0,1.0,0.0,41.81,41.81,PARQUE DE BOLIVAR,2.0,Cúcuta
Apartaestudio,Venta,180000000.0,208350.0,0.0,1.0,1.0,1.0,50.0,50.0,Barrio Blanco,5.0,Cúcuta
Lote,Venta,89000000.0,0.0,0.0,0.0,0.0,0.0,0.0,121.0,El Contento,3.0,Cúcuta
Lote,Venta,169000000.0,0.0,0.0,0.0,0.0,0.0,0.0,260.0,Bocono,4.0,Cúcuta
Apartamento,Venta,150000000.0,0.0,0.0,3.0,2.0,0.0,45.0,45.0,Garcia Herreros,3.0,Cúcuta
Casa,Venta,620000000.0,0.0,0.0,4.0,4.0,2.0,102.55,102.55,Av. Libertadores,4.0,Cúcuta
Apartamento,Venta,550000000.0,464600.0,0.0,3.0,2.0,2.0,122.0,122.0,CAOBOS,5.0,Cúcuta
Apartamento,Venta,180000000.0,240000.0,0.0,3.0,2.0,1.0,62.0,62.0,San Luis,3.0,Cúcuta
Casa,Venta,500000000.0,0.0,0.0,9.0,5.0,0.0,310.0,163.0,El Llano,3.0,Cúcuta
Casa,Venta,450000000.0,0.0,0.0,10.0,6.0,0.0,193.0,262.0,Aeropuerto,2.0,Cúcuta
Apartamento,Venta,160000000.0,230000.0,0.0,2.0,2.0,1.0,53.0,53.0,Av. Libertadores,4.0,Cúcuta
Consultorio,Venta,500000000.0,713000.0,0.0,0.0,1.0,1.0,48.32,48.32,La Playa,3.0,Cúcuta
Lote,Venta,420000000.0,300000.0,0.0,0.0,0.0,0.0,0.0,630.9,Bocono,5.0,Cúcuta
Lote,Venta,5975000000.0,0.0,0.0,0.0,0.0,0.0,0.0,2390.0,Popular,4.0,Cúcuta
Lote,Venta,360000000.0,0.0,0.0,0.0,0.0,0.0,0.0,273.26,Ceiba II,4.0,Cúcuta
Casa,Venta,430000000.0,0.0,0.0,4.0,2.0,1.0,187.0,167.0,Latino,3.0,Cúcuta
Local,Venta,700000000.0,0.0,0.0,0.0,1.0,0.0,220.0,235.4,Pueblo Nuevo,2.0,Cúcuta
Casa,Venta,490000000.0,0.0,0.0,3.0,1.0,4.0,250.0,278.1,LOS ACACIOS,4.0,Cúcuta
Casa,Venta,380000000.0,0.0,0.0,5.0,4.0,1.0,108.0,108.0,ALCALA,4.0,Cúcuta
Casa,Venta,290000000.0,175000.0,0.0,3.0,2.0,1.0,98.2,70.0,Bocono,3.0,Cúcuta
Apartamento,Venta,430000000.0,375000.0,0.0,3.0,2.0,2.0,110.0,110.0,Quinta Vélez,5.0,Cúcuta
Lote,Venta,2100000000.0,0.0,0.0,0.0,0.0,0.0,0.0,1200.0,Niza,4.0,Cúcuta
Lote,Venta,780000000.0,850000.0,0.0,0.0,0.0,0.0,0.0,1073.0,Bocono,3.0,Cúcuta
Casa,Venta,320000000.0,0.0,0.0,4.0,3.0,1.0,147.62,147.62,La Playa,5.0,Cúcuta
Apartamento,Venta,165000000.0,125000.0,0.0,2.0,2.0,0.0,49.66,49.66,Garcia Herreros,3.0,Cúcuta
Apartamento,Venta,268000000.0,200000.0,0.0,2.0,2.0,1.0,58.0,58.0,Lleras Restrepo,4.0,Cúcuta
Apartamento,Venta,320000000.0,282000.0,0.0,3.0,2.0,1.0,68.0,68.0,Bellavista,5.0,Cúcuta
Oficina,Venta,160000000.0,290000.0,0.0,0.0,1.0,0.0,70.0,70.0,CUCUTA,4.0,Cúcuta
Apartamento,Venta,155000000.0,100000.0,0.0,3.0,2.0,0.0,77.03,77.03,El Contento,3.0,Cúcuta
Casa,Venta,175000000.0,0.0,0.0,7.0,1.0,1.0,220.0,220.0,San Miguel,2.0,Cúcuta
Local,Venta,184000000.0,385600.0,0.0,0.0,1.0,0.0,30.74,30.74,CENTRO,3.0,Cúcuta
Casa,Venta,290000000.0,0.0,0.0,7.0,2.0,1.0,205.0,308.0,La Cabrera,3.0,Cúcuta
Local,Venta,200000000.0,0.0,0.0,0.0,2.0,0.0,44.55,65.43,San Luis,2.0,Cúcuta
Casa,Venta,380000000.0,0.0,0.0,6.0,3.0,1.0,302.0,192.0,Atalaya,3.0,Cúcuta
Apartamento,Venta,450000000.0,0.0,0.0,5.0,2.0,1.0,190.0,190.0,Ceiba II,4.0,Cúcuta
Casa,Venta,430000000.0,0.0,0.0,4.0,2.0,3.0,206.5,413.0,Atalaya Chapinero,2.0,Cúcuta
Local,Venta,104000000.0,0.0,0.0,0.0,0.0,0.0,33.38,33.38,Centro,3.0,Cúcuta
Casa,Venta,450000000.0,0.0,0.0,3.0,4.0,2.0,166.0,108.0,Ceiba II,4.0,Cúcuta
Casa,Venta,900000000.0,0.0,0.0,6.0,6.0,1.0,530.0,300.0,Quinta Bosch,4.0,Cúcuta
Local,Venta,180000000.0,460000.0,0.0,0.0,1.0,0.0,40.69,40.69,Centro,3.0,Cúcuta
Casa-local,Venta,350000000.0,0.0,0.0,0.0,0.0,0.0,0.0,207.0,El Paramo,3.0,Cúcuta
Casa,Venta,500000000.0,0.0,0.0,5.0,5.0,1.0,239.0,150.0,Popular,3.0,Cúcuta
Lote,Venta,500000000.0,0.0,0.0,0.0,0.0,0.0,0.0,1800.0,El Salado,3.0,Cúcuta
Bodega,Venta,450000000.0,0.0,0.0,0.0,1.0,0.0,75.0,75.0,El Salado,3.0,Cúcuta
Local,Venta,145000000.0,123000.0,0.0,0.0,1.0,0.0,25.0,25.0,CENTRO,4.0,Cúcuta
Apartamento,Venta,280000000.0,295000.0,0.0,3.0,2.0,1.0,68.43,68.43,San Eduardo,4.0,Cúcuta
Casa,Venta,300000000.0,0.0,0.0,4.0,2.0,2.0,170.0,152.0,Lleras Restrepo,4.0,Cúcuta
Casa,Venta,350000000.0,0.0,0.0,8.0,3.0,1.0,260.0,110.0,BELEN,3.0,Cúcuta
Casa,Venta,300000000.0,0.0,0.0,11.0,3.0,2.0,116.25,116.25,Nuevo Escobal,3.0,Cúcuta
Local,Venta,150000000.0,0.0,0.0,0.0,0.0,0.0,4.2,4.2,Centro,3.0,Cúcuta
Casa,Venta,270000000.0,0.0,0.0,7.0,4.0,0.0,240.0,120.0,San Martin,2.0,Cúcuta
Consultorio,Venta,200000000.0,250000.0,0.0,0.0,1.0,0.0,37.77,37.77,Caobos,3.0,Cúcuta
Casa,Venta,1000000000.0,0.0,0.0,4.0,4.0,1.0,250.0,250.0,Caobos,5.0,Cúcuta
Lote,Venta,4106650000.0,0.0,0.0,0.0,0.0,0.0,0.0,3578.0,Zona Industrial,3.0,Cúcuta
Apartamento,Venta,180000000.0,0.0,0.0,3.0,2.0,0.0,111.0,111.0,COLSAG,4.0,Cúcuta
Edificio,Venta,1200000000.0,0.0,0.0,0.0,0.0,0.0,713.0,383.0,Centro,3.0,Cúcuta
Local,Venta,1800000000.0,0.0,0.0,4.0,6.0,0.0,532.0,419.0,Latino,4.0,Cúcuta
Casa,Venta,450000000.0,0.0,0.0,4.0,5.0,2.0,178.0,245.0,Quinta Oriental,4.0,Cúcuta
Apartamento,Venta,418000000.0,350000.0,0.0,3.0,2.0,2.0,118.23,118.23,Sayago - La Riviera,5.0,Cúcuta
Casa,Venta,450000000.0,0.0,0.0,3.0,3.0,2.0,112.0,120.0,Niza,4.0,Cúcuta
Apartamento,Venta,185000000.0,100000.0,0.0,3.0,2.0,1.0,81.77,81.77,El Contento,3.0,Cúcuta
Apartamento,Venta,150000000.0,137000.0,0.0,3.0,2.0,0.0,49.67,49.67,CORRAL DE PIEDRA,3.0,Cúcuta
Casa,Venta,380000000.0,0.0,0.0,3.0,3.0,1.0,136.0,170.9,La Ceiba,4.0,Cúcuta
Apartamento,Venta,125000000.0,97000.0,0.0,3.0,1.0,0.0,46.11,46.11,Bocono,3.0,Cúcuta
Casa,Venta,740000000.0,0.0,0.0,5.0,4.0,0.0,400.0,400.0,Guaimaral,4.0,Cúcuta
Casa,Venta,700000000.0,0.0,0.0,3.0,4.0,2.0,199.0,105.0,Ceiba II,4.0,Cúcuta
Oficina,Venta,220000000.0,155458.0,0.0,0.0,1.0,0.0,28.3,28.3,SAYAGO - RIVIERA,5.0,Cúcuta
Apartamento,Venta,180000000.0,120000.0,0.0,2.0,2.0,1.0,85.0,85.0,AV. LIBERTADORES,3.0,Cúcuta
Apartamento,Venta,750000000.0,1050000.0,0.0,3.0,3.0,2.0,194.0,194.0,Colsag,4.0,Cúcuta
Apartamento,Venta,220000000.0,0.0,0.0,2.0,2.0,0.0,60.0,60.0,Los patios La Cordialidad,2.0,Cúcuta
Apartamento,Venta,320000000.0,0.0,0.0,4.0,4.0,0.0,168.65,168.65,Colsag,4.0,Cúcuta
Casa,Venta,350000000.0,0.0,0.0,5.0,5.0,0.0,184.0,87.55,La Cabrera,3.0,Cúcuta
Casa,Venta,120000000.0,0.0,0.0,3.0,1.0,0.0,93.0,120.0,San Jose,3.0,Cúcuta
Casa,Venta,1500000000.0,700000.0,0.0,3.0,3.0,2.0,238.0,675.0,BOCONO - PASEO REAL,5.0,Cúcuta
Casa,Venta,240000000.0,0.0,0.0,7.0,2.0,0.0,200.0,250.0,San Miguel,2.0,Cúcuta
Casa,Venta,200000000.0,120000.0,0.0,3.0,2.0,1.0,82.0,180.0,"Bocono, Cuji",3.0,Cúcuta
Local,Venta,4000000000.0,0.0,0.0,0.0,4.0,0.0,900.0,650.0,Av. Libertadores,4.0,Cúcuta
Apartamento,Venta,120000000.0,0.0,0.0,2.0,3.0,0.0,95.88,0.0,Aeropuerto,2.0,Cúcuta
Apartamento,Venta,120000000.0,0.0,0.0,2.0,3.0,0.0,73.0,0.0,Aeropuerto,2.0,Cúcuta
Casa,Venta,700000000.0,320000.0,0.0,4.0,5.0,5.0,122.0,148.5,"Av. Libertadores, Parque Real",4.0,Cúcuta
Casa,Venta,240000000.0,0.0,0.0,3.0,3.0,1.0,79.0,69.0,COMUNEROS,2.0,Cúcuta
Casa,Venta,490000000.0,364000.0,0.0,4.0,4.0,1.0,203.0,110.0,Av. Libertadores,5.0,Cúcuta
Oficina,Venta,130000000.0,740000.0,0.0,3.0,2.0,0.0,84.93,84.93,Centro,4.0,Cúcuta
Apartamento,Venta,290000000.0,0.0,0.0,3.0,3.0,1.0,143.42,143.42,Popular,3.0,Cúcuta
Lote,Venta,470000000.0,0.0,0.0,0.0,0.0,0.0,0.0,561.0,El Salado,2.0,Cúcuta
Casa,Venta,800000000.0,0.0,0.0,5.0,5.0,6.0,258.0,360.0,Quinta Bosch,4.0,Cúcuta
Casalote,Venta,140000000.0,0.0,0.0,3.0,1.0,0.0,77.0,110.0,El Contento,2.0,Cúcuta
Casa,Venta,370000000.0,0.0,0.0,3.0,3.0,3.0,92.0,135.0,Prados Del Este,4.0,Cúcuta
Apartamento,Venta,360000000.0,270000.0,0.0,3.0,2.0,1.0,76.79,76.79,LA FLORESTA,5.0,Cúcuta
Casa,Venta,225000000.0,0.0,0.0,3.0,1.0,1.0,98.0,105.0,Aniversario,3.0,Cúcuta
Bodega,Venta,470000000.0,0.0,0.0,0.0,1.0,0.0,290.0,160.0,MIRAFLORES,3.0,Cúcuta
Apartamento,Venta,270000000.0,0.0,0.0,3.0,2.0,0.0,186.0,186.0,Quinta Oriental,4.0,Cúcuta
Apartamento,Venta,430000000.0,135000.0,0.0,4.0,3.0,2.0,127.0,127.0,La Riviera,4.0,Cúcuta
Apartamento,Venta,180000000.0,50000.0,0.0,2.0,2.0,1.0,64.0,64.0,Niza,4.0,Cúcuta
Apartamento,Venta,295000000.0,85000.0,0.0,3.0,2.0,1.0,107.0,107.0,Popular,4.0,Cúcuta
Apartamento,Venta,360000000.0,589000.0,0.0,3.0,3.0,1.0,137.0,137.0,CAOBOS,4.0,Cúcuta
Apartamento,Venta,430000000.0,484000.0,0.0,3.0,3.0,1.0,135.0,135.0,BARRIO BLANCO,4.0,Cúcuta
Casa,Venta,800000000.0,0.0,0.0,7.0,4.0,3.0,384.0,384.0,La Ceiba,3.0,Cúcuta
Casa,Venta,650000000.0,0.0,0.0,5.0,4.0,1.0,318.0,241.0,Popular,4.0,Cúcuta
Casa,Venta,890000000.0,0.0,0.0,4.0,3.0,0.0,378.0,378.0,Loma De Bolívar,3.0,Cúcuta
Apartamento,Venta,210000000.0,0.0,0.0,3.0,2.0,0.0,86.87,86.87,La Ceiba,4.0,Cúcuta
Edificio,Venta,3200000000.0,0.0,0.0,0.0,1.0,0.0,677.0,425.0,Caobos,5.0,Cúcuta
Apartamento,Venta,90000000.0,53000.0,0.0,3.0,1.0,0.0,43.63,43.63,ANILLO VIAL,2.0,Cúcuta
Casa,Venta,160000000.0,0.0,0.0,3.0,1.0,1.0,110.0,107.0,AEROPUERTO,2.0,Cúcuta
Casa,Venta,180000000.0,0.0,0.0,3.0,2.0,2.0,100.0,195.0,AEROPUERTO,2.0,Cúcuta
Lote,Venta,5308800000.0,0.0,0.0,0.0,0.0,0.0,0.0,12.64,Ínsula,3.0,Cúcuta
Casa,Venta,130000000.0,0.0,0.0,2.0,2.0,1.0,88.0,90.0,Siglo XXI,2.0,Cúcuta
Apartamento,Venta,250000000.0,0.0,0.0,3.0,2.0,1.0,155.0,155.0,La Playa,3.0,Cúcuta
Casa,Venta,420000000.0,50000.0,0.0,4.0,4.0,2.0,146.0,171.0,Barrio Blanco,4.0,Cúcuta
Casa,Venta,670000000.0,0.0,0.0,4.0,3.0,3.0,135.0,219.0,Capillana,4.0,Cúcuta
Oficina,Venta,30000000.0,82000.0,0.0,0.0,0.0,0.0,5.21,5.21,Centro,3.0,Cúcuta
Lote,Venta,1336615000.0,0.0,0.0,0.0,0.0,0.0,0.0,26732.3,Santander,4.0,Cúcuta
Casa-local,Venta,1100000000.0,0.0,0.0,20.0,22.0,1.0,919.0,593.0,El Contento,3.0,Cúcuta
Casa,Venta,300000000.0,0.0,0.0,7.0,4.0,1.0,160.0,66.0,Atalaya - Ospina Perez,2.0,Cúcuta
Casa,Venta,300000000.0,0.0,0.0,4.0,2.0,0.0,117.0,127.0,La Cabrera,3.0,Cúcuta
Casa-local,Venta,1400000000.0,0.0,0.0,6.0,6.0,0.0,323.0,223.0,Guaimaral,3.0,Cúcuta
Apartamento,Venta,300000000.0,315000.0,0.0,3.0,3.0,1.0,174.8,174.8,La Ceiba,4.0,Cúcuta
Casa,Venta,180000000.0,0.0,0.0,3.0,1.0,1.0,77.0,103.0,GAITAN,2.0,Cúcuta
Apartamento,Venta,210000000.0,261000.0,0.0,3.0,2.0,1.0,97.67,97.67,San Rafael,3.0,Cúcuta
Apartamento,Venta,110000000.0,70000.0,0.0,3.0,1.0,0.0,43.63,43.63,ANILLO VIAL,2.0,Cúcuta
Bodega,Venta,2800000000.0,0.0,0.0,0.0,3.0,2.0,601.49,610.01,Aeropuerto,3.0,Cúcuta
Apartamento,Venta,135000000.0,0.0,0.0,3.0,2.0,0.0,61.0,61.0,TRIGAL DEL NORTE,3.0,Cúcuta
Lote,Venta,80000000.0,0.0,0.0,0.0,0.0,0.0,0.0,119.84,El Contento,2.0,Cúcuta
Apartamento,Venta,150000000.0,180000.0,0.0,3.0,2.0,1.0,85.33,85.33,SANTANDER,2.0,Cúcuta
Casa,Venta,220000000.0,0.0,0.0,6.0,2.0,1.0,168.0,80.0,La Libertad,2.0,Cúcuta
Lote,Venta,1000000000.0,0.0,0.0,0.0,0.0,0.0,0.0,690.88,El Llano,4.0,Cúcuta
Casa,Venta,500000000.0,0.0,0.0,6.0,4.0,2.0,450.0,244.08,Barrio Blanco,5.0,Cúcuta
Oficina,Venta,85000000.0,182000.0,0.0,0.0,0.0,0.0,22.0,22.0,Centro,3.0,Cúcuta
Casa,Venta,450000000.0,0.0,0.0,8.0,7.0,5.0,161.0,316.0,Popular,3.0,Cúcuta
